id,title,year,genre,country
1,Juliet of the Spirits (Giulietta degli spiriti),1997,Comedy|Drama|Fantasy|Romance,Sweden
2,"Laterna, ftoheia kai garyfallo",1984,Comedy|Drama|Romance,Portugal
3,ParaNorman,2007,Adventure|Animation|Comedy,China
4,"Door in the Floor, The",2011,Drama,Philippines
5,Mad Dog and Glory,2011,Comedy|Drama|Romance,Japan
6,Without Limits,1959,Drama,Indonesia
7,"Adonis Factor, The",1995,Documentary,Indonesia
8,Beloved (Les bien-aimées),2006,Drama|Musical|Romance,Indonesia
9,Too Shy to Try (Je suis timide... mais je me soigne),2004,Comedy,Mali
10,"Field in England, A",2009,Drama|Fantasy|Thriller|War,China
11,1001 Nights,2004,Adventure|Comedy|Fantasy,China
12,Pot v raj,2009,(no genres listed),Canada
13,College,1990,Comedy,China
14,I Will Fight No More Forever,2009,Action|Drama|War|Western,Russia
15,Hawking,1992,Documentary,Uzbekistan
16,Snow Falling on Cedars,1997,Drama,France
17,"Swell Season, The",2001,Documentary|Romance,China
18,The Seven-Ups,1993,Action|Crime|Drama|Thriller,China
19,High Spirits,1997,Comedy,Indonesia
20,Songcatcher,1994,Drama,Croatia
21,"Fool There Was, A",2011,Drama,China
22,Electric Dreams,2000,Comedy|Drama|Romance|Sci-Fi,France
23,Zatoichi in Desperation (Shin Zatôichi monogatari: Oreta tsue) (Zatôichi 24),2008,Action|Adventure|Drama,United States
24,Godzilla's Revenge (Gojira-Minira-Gabara: Oru Kaijû Daishingeki) (All Monsters Attack),2000,Children,South Africa
25,Missing in Action,2002,Action|War,Indonesia
26,"Bling Ring, The",2012,Crime|Drama,Poland
27,Vietnam in HD,1997,War,Russia
28,Marked Woman,2012,Crime|Drama|Film-Noir,Brazil
29,We're Not Dressing,2012,Comedy|Musical,Kenya
30,Letters to Father Jacob (Postia pappi Jaakobille),1992,Drama,Indonesia
31,Star Trek VI: The Undiscovered Country,1993,Action|Mystery|Sci-Fi,Yemen
32,Doctor Detroit,2001,Comedy,China
33,"Flintstones in Viva Rock Vegas, The",2009,Children|Comedy,Liechtenstein
34,Raising Helen,1996,Comedy|Drama|Romance,Portugal
35,All for the Winner (Dou sing),2011,Action|Comedy,South Korea
36,"Westerner, The",2003,Western,Latvia
37,Vengeance Can Wait,2002,Comedy|Drama|Romance,Brazil
38,Two Drifters (Odete),2009,Drama,Bosnia and Herzegovina
39,Divine Secrets of the Ya-Ya Sisterhood,1993,Comedy|Drama,Brazil
40,"Disappeared, The",1992,Horror,China
41,Invasion U.S.A.,1998,Action|Thriller,Armenia
42,There Goes My Baby,2008,Comedy|Drama,China
43,"Night Visitor, The",1990,Crime|Thriller,United States
44,"Final, The",1983,Drama|Horror|Thriller,Philippines
45,East of Eden,2006,Drama,China
46,Zotz!,2006,Comedy|Fantasy|Horror,Indonesia
47,Envy,2010,Comedy,Bulgaria
48,Belle toujours,2001,Drama,Thailand
49,"Woman, The",1995,Horror,Finland
50,"Afternoon of a Torturer, The (Dupa-amiaza unui tortionar)",2003,Drama,China
51,Dallas Buyers Club,1997,Drama,Indonesia
52,"Defender, The",2001,Action,Croatia
53,Trilogy: The Weeping Meadow (Trilogia: To livadi pou dakryzei),1994,Drama|Romance,Poland
54,Equinox,2002,Adventure|Horror|Mystery,Philippines
55,"Whom the Gods Wish to Destroy (Nibelungen, Teil 1: Siegfried, Die)",1993,Adventure|Fantasy,Zimbabwe
56,Mayerling,2007,Drama,Brazil
57,Crush,2002,Comedy|Romance,Indonesia
58,Night of the Creeps,2004,Comedy|Horror|Sci-Fi|Thriller,Canada
59,Red Road,2001,Drama,Canada
60,Corn on the Cop,1999,(no genres listed),China
61,Born in East L.A.,1995,Comedy,Indonesia
62,Excision,2002,Crime|Drama|Horror|Thriller,Indonesia
63,Fire Down Below,2009,Adventure|Drama,Philippines
64,G.I. Joe: Retaliation,2008,Action|Adventure|Sci-Fi|Thriller|IMAX,Russia
65,Band of the Hand,1997,Action|Crime|Drama,Estonia
66,H.O.T.S.,2008,Comedy,China
67,Three Kingdoms: Resurrection of the Dragon (Saam gwok dzi gin lung se gap),1960,Action|Drama|War,Macedonia
68,Color of Night,1972,Drama|Thriller,China
69,Madeleine,2006,Crime|Drama,Philippines
70,Taistelu Näsilinnasta 1918,2012,War,Dominican Republic
71,Cleopatra,2007,Drama|Romance,China
72,"Fast & Furious 6 (Fast and the Furious 6, The)",2009,Action|Crime|Thriller|IMAX,France
73,Two Women,1998,Drama,Colombia
74,Between Miracles,2003,Comedy,Czech Republic
75,When Will I Be Loved,2011,Drama,Poland
76,Beetlejuice,2006,Comedy|Fantasy,China
77,"Affair to Remember, An",2007,Drama|Romance,Argentina
78,"President's Analyst, The",2010,Comedy|Thriller,Indonesia
79,Shark in Venice,2000,Action|Horror|Thriller,Haiti
80,Whore,2009,Drama,Italy
81,"Ascent of Money, The",2008,Documentary,Poland
82,"Fall of the House of Usher, The (Zánik domu Usheru)",2007,Animation,Spain
83,"Room, The",2002,Comedy|Drama|Romance,China
84,Once Upon a Time in China III (Wong Fei-hung tsi sam: Siwong tsangba),2001,Action,Germany
85,"Cannonball Run, The",1995,Action|Comedy,Morocco
86,Blacksmith Scene,1993,(no genres listed),China
87,Parker,1967,Crime|Thriller,China
88,King Kong,1997,Action|Adventure|Fantasy|Horror,Qatar
89,Precious,2000,Drama,Philippines
90,Fortress,2007,Action|Sci-Fi,Finland
91,"Story of Louis Pasteur, The",2004,Drama,Guatemala
92,Bloody Bloody Bible Camp,2006,Comedy|Horror,Portugal
93,Like Dandelion Dust,2007,Drama,Argentina
94,Wayne's World,2003,Comedy,United States
95,Hot Saturday,2008,Drama,Brazil
96,Daffy Duck's Quackbusters,2010,Animation|Children|Comedy|Horror,Indonesia
97,Clash of the Wolves,2010,Adventure|Romance|Western,Russia
98,Felony,2000,Thriller,Indonesia
99,Wing Commander,1990,Action|Sci-Fi,Peru
100,Family Band: The Cowsills Story ,1992,Documentary,United States
101,"Bitch, The (La chienne)",2012,Drama,Czech Republic
102,Lemony Snicket's A Series of Unfortunate Events,2009,Adventure|Children|Comedy|Fantasy,China
103,"Liar's Autobiography: The Untrue Story of Monty Python's Graham Chapman, A",1996,Animation|Comedy,Vietnam
104,She and Her Cat (Kanojo to kanojo no neko),2004,Animation|Drama,Indonesia
105,"Murder of Fred Hampton, The",2006,Crime|Documentary,United States
106,Beethoven's 3rd,1954,Children|Comedy,France
107,Men in War,2003,Drama|War,Brazil
108,"Stooge, The",1984,Comedy,Vietnam
109,Days of Wine and Roses,1999,Drama,Japan
110,Ex-Lady,1994,Comedy|Drama,China
111,"Pet, The",2004,Drama|Thriller,Brazil
112,"Autumn Afternoon, An (Sanma no aji)",2004,Drama,Egypt
113,Oppressed Majority,2012,Drama,Madagascar
114,Phantom,1992,Drama|Fantasy|Romance,Cameroon
115,Flesh and Bone,1990,Drama|Mystery|Romance,Peru
116,Unborn in the USA: Inside the War on Abortion,2010,Documentary,United Kingdom
117,"Core, The",2005,Action|Drama|Sci-Fi|Thriller,Azerbaijan
118,"Wild Party, The",2001,Comedy|Drama,Brazil
119,"Toy, The (Le jouet)",1999,Comedy,Peru
120,"Liability, The",1986,Action|Thriller,Indonesia
121,Fast Life,2005,Comedy|Romance,Poland
122,"Aquí llega Condemor, el pecador de la pradera",2005,Comedy|Western,Syria
123,Jade,2007,Thriller,Papua New Guinea
124,American Splendor,1993,Comedy|Drama,Indonesia
125,Julien Donkey-Boy,1997,Drama,Finland
126,Jesus liebt mich,2010,Comedy,New Zealand
127,Penthouse North,1998,Drama|Mystery|Thriller,Croatia
128,Taifu Club (Taifû kurabu),1989,Drama|Romance,Bulgaria
129,Startup.com,2008,Documentary,Iraq
130,Spine Tingler!  The William Castle Story,2009,Documentary,Bosnia and Herzegovina
131,Moving Out,1993,Drama,China
132,Colossal Youth (Juventude Em Marcha),1994,Drama,Philippines
133,Guilty Hearts,1989,Drama,Indonesia
134,"Mack, The",1986,Crime,Canada
135,Live Forever,2012,Comedy|Documentary,China
136,Big Man Japan (Dai-Nihonjin),2012,Comedy|Sci-Fi,Indonesia
137,I Spit on Your Grave 2 ,2007,Crime|Horror|Thriller,Brazil
138,Chronos,2008,Documentary|IMAX,Nigeria
139,See You in the Morning,1986,Drama|Romance,China
140,SuperBabies: Baby Geniuses 2,2003,Comedy,Indonesia
141,Analyze That,1995,Comedy|Crime,Indonesia
142,Dark Blue,2009,Action|Crime|Drama|Thriller,Peru
143,Bunraku,2008,Action|Drama|Fantasy,Philippines
144,Mansome,2002,Documentary,Comoros
145,"Man Called Horse, A",2002,Adventure|Drama|Western,Sweden
146,Bedtime Story,1996,Comedy,China
147,My Bloody Valentine,2001,Drama|Horror|Thriller,Indonesia
148,The Man Without a Map,1995,Mystery,Indonesia
149,"Creeping Flesh, The",1984,Horror|Sci-Fi,Russia
150,Crime at the Chinese Restaurant,2009,Comedy|Mystery|Thriller,Finland
151,Instrument,1998,Documentary,Norway
152,Casper's Haunted Christmas,2004,Animation|Children,Chile
153,"Long Dark Hall, The",2010,Crime|Drama,United States
154,My Friend Henry (Ystäväni Henry),2006,Children|Drama,Canada
155,Wake Wood ,2002,Drama|Horror|Mystery,France
156,Sun on the Horizon,2006,Documentary,Brazil
157,Sordid Lives,1993,Comedy,China
158,"Sadist, The",1992,Thriller,China
159,Barocco,1994,Crime|Drama|Romance|Thriller,China
160,Murder Over New York,2006,Comedy|Crime|Mystery|Thriller,China
161,Dangerous Ground,1995,Drama,China
162,"Whole Town's Talking, The (Passport to Fame)",2001,Comedy|Crime,Finland
163,Tokyo Trial (Tokyo saiban),2009,Documentary,Argentina
164,Twelve O'Clock High,2006,Drama|War,Indonesia
165,Revenge of the Nerds IV: Nerds in Love,2006,Comedy|Romance,China
166,Essential Killing,1986,Thriller|War,Sweden
167,Japanese Summer: Double Suicide (Muri shinjû: Nihon no natsu),2003,Crime|Drama,France
168,"Nightmare on Elm Street 4: The Dream Master, A",2009,Horror|Thriller,Indonesia
169,Morning Glory,2012,Comedy|Drama|Romance,Panama
170,Nomad (Köshpendiler),2013,Drama|War,China
171,Night Patrol,1993,Comedy,Nigeria
172,Brutal Beauty: Tales of the Rose City Rollers,1994,Documentary,Tanzania
173,"Rocky Horror Picture Show, The",2005,Comedy|Horror|Musical|Sci-Fi,China
174,"Dark, The",1994,Horror|Mystery|Thriller,Poland
175,Born Free,2000,Adventure|Children|Drama,China
176,"World's Greatest Lover, The",2005,Comedy,China
177,Samson and Delilah,2000,Drama,Tunisia
178,Mongol,2008,Drama|War,Indonesia
179,Flesh,1987,Drama,Colombia
180,When You're Strange,2012,Documentary,Guatemala
181,Devil's Diary,2004,Drama|Horror|Mystery,Honduras
182,Son of Godzilla (Kaijûtô no kessen: Gojira no musuko),1992,Sci-Fi,Japan
183,Legend of the Fist: The Return of Chen Zhen (Jing wu feng yun: Chen Zhen),2002,Action|Drama,Mexico
184,"Kentuckian, The",2007,Drama|Western,Russia
185,One Night of Love,2010,Romance,Canada
186,"Evening with Kevin Smith, An",1964,Comedy|Documentary,Samoa
187,Breakout,1985,Action|Adventure,Argentina
188,Election Day,2011,Documentary,Burkina Faso
189,"Bridge to Nowhere, The",1998,Crime|Drama,Indonesia
190,"Gentle Breeze in the Village, A (Tennen kokekkô) ",1997,Drama,Russia
191,Angel-A,2007,Comedy|Drama|Fantasy|Romance,China
192,Capone,1986,Crime|Drama,Brazil
193,InAPPropriate Comedy,2012,Comedy,Dominican Republic
194,A Matter of Size,2008,Comedy|Drama|Romance,China
195,Stromberg - Der Film,1989,Comedy,North Korea
196,"Divorcee, The",2006,Drama|Romance,Central African Republic
197,"What's in a Name (Prénom, Le)",1995,Comedy,Indonesia
198,Enola Gay and the Atomic Bombing of Japan,2011,Documentary,Poland
199,Kind Lady,2001,Drama|Thriller,Indonesia
200,"Mother, I Love You",2012,Drama,China
201,"Best Man, The",2012,Comedy|Drama,Bulgaria
202,Gamera vs. Viras ,1999,Action|Sci-Fi,China
203,Gigantic (A Tale of Two Johns),2003,Documentary,Czech Republic
204,China Seas,1995,Action|Adventure|Drama|Romance,Gambia
205,Moving Out,2000,Drama,Mexico
206,My Boyfriends' Dogs,2003,Comedy,China
207,Dragon Ball GT: A Hero's Legacy (Doragon bôru GT: Gokû gaiden! Yûki no akashi wa sû-shin-chû),2002,Action|Adventure|Animation,Sweden
208,Beerfest,2003,Comedy,Philippines
209,"Food of the Gods, The",2007,Horror|Sci-Fi,Ukraine
210,"Zero Theorem, The",2008,Drama|Fantasy|Sci-Fi,Philippines
211,"Farewell, My Queen (Les adieux à la reine)",1988,Drama|Romance,Palau
212,H6: Diario de un asesino,1987,Horror|Thriller,Indonesia
213,1492: Conquest of Paradise,2003,Adventure|Drama,Portugal
214,"Winter Guest, The",2007,Drama,Russia
215,"Brief Vacation, A (breve vacanza, Una)",2007,Drama|Romance,Democratic Republic of the Congo
216,Closure,2009,Documentary,Indonesia
217,Castles in the Sky,1999,Drama,Ukraine
218,Gumshoe,2005,Comedy|Crime|Drama|Mystery,China
219,"Wind Journeys, The (Viajes del viento, Los)",2000,Drama,China
220,Love Hina Again,1998,Animation|Comedy|Drama,China
221,Going Down in LA-LA Land,1999,Comedy|Drama|Romance,Indonesia
222,Reindeerspotting - Pako joulumaasta,2004,Documentary,Iraq
223,"Dreamworlds II: Desire, Sex, Power in Music Video",1994,Documentary,China
224,Ugly,1994,Mystery|Thriller,Philippines
225,"Room, The",1993,Comedy|Drama|Romance,Japan
226,Bad Education (La mala educación),1996,Drama|Thriller,China
227,When You're Strange,2007,Documentary,Indonesia
228,Eat,1988,Drama,Guam
229,"Adventures of Tom Sawyer, The",2012,Adventure,Latvia
230,Last Days Here,2002,Documentary,Rwanda
231,Zona Zamfirova,1985,Comedy|Drama,France
232,"Twilight Saga: Eclipse, The",1994,Fantasy|Romance|Thriller|IMAX,Indonesia
233,Storytelling,1993,Comedy|Drama,Indonesia
234,Sparkle,1998,Drama|Musical,Philippines
235,Ratatouille,2009,Animation|Children|Drama,Russia
236,Baton Rouge (Bâton rouge),1993,Thriller,Sierra Leone
237,"Affairs of Anatol, The",2007,Comedy|Drama,Poland
238,Chori Chori Chupke Chupke,2011,Drama|Romance,China
239,Freeze Frame,1987,Crime|Drama|Thriller,China
240,"Taking of Power by Louis XIV, The (Prise de pouvoir par Louis XIV, La)",2005,Drama,Greece
241,Love Jones,1996,Romance,Guatemala
242,Vexille (Bekushiru: 2077 Nihon sakoku),1987,Action|Animation|Sci-Fi,Argentina
243,The Last Shark,1973,Adventure|Horror|Thriller,Thailand
244,My Best Enemy (Mi mejor enemigo),2002,Drama|War,China
245,"Truly, Madly, Deeply",2003,Drama|Romance,Indonesia
246,"Counterfeit Traitor, The",2010,Thriller|War,South Africa
247,"Pact, The",2012,Horror|Mystery|Thriller,Japan
248,"Girl in the Red Velvet Swing, The",2008,Crime|Drama|Romance,China
249,"Strawberry Blonde, The",2000,Comedy|Romance,China
250,Night Court,1970,Crime|Film-Noir|Thriller,China
251,36 fillette,1993,Drama|Romance,Greece
252,"Man Who Haunted Himself, The",2009,Drama|Fantasy|Horror|Mystery|Thriller,France
253,Nicholas Nickleby,1988,Drama|Romance,Greece
254,Angel,2006,Comedy|Drama|Romance,Nepal
255,Sweeney Todd: The Demon Barber of Fleet Street,1974,Crime|Horror,China
256,Margaret Thatcher: The Long Walk to Finchley,1999,Drama,Slovenia
257,How to Make an American Quilt,2008,Drama|Romance,Indonesia
258,Brute Force,2000,Drama|Film-Noir|Thriller,China
259,Sympathy for Delicious,1999,Drama,Philippines
260,The Connection,2009,Crime|Drama,China
261,Sister Kenny,2009,Drama,Palestinian Territory
262,Hellraiser: Revelations,1967,Horror,Portugal
263,East is East,1999,Comedy,Brazil
264,"Ah, Wilderness!",2008,Comedy|Drama,Czech Republic
265,Slither,2004,Comedy|Crime|Thriller,Poland
266,"Facing Windows (Finestra di fronte, La)",2000,Drama|Romance,Russia
267,Down with Love,2011,Comedy|Romance,Russia
268,Lipton Cockton in the Shadows of Sodoma,1999,Drama|Mystery|Sci-Fi,Russia
269,"I Hate Mondays, (Nie lubie poniedzialku)",1994,Comedy,Vietnam
270,Tokio Baby,2004,Drama,Brazil
271,Atonement,2006,Drama|Romance|War,Thailand
272,"Loving Story, The",2005,Documentary,China
273,Assault on Precinct 13,2001,Action|Crime|Drama|Thriller,New Caledonia
274,My Friend Henry (Ystäväni Henry),2003,Children|Drama,Thailand
275,War Horse,1994,Drama|War,Tunisia
276,"Frighteners, The",2008,Comedy|Horror|Thriller,China
277,A.I. Artificial Intelligence,1997,Adventure|Drama|Sci-Fi,Mongolia
278,Unrated II: Scary as Hell,2003,Horror,Poland
279,Zapped Again!,2000,Comedy|Sci-Fi,United States
280,Erin Brockovich,2009,Drama,China
281,Frozen,2008,Drama,United States
282,Witness to Murder,2005,Crime|Drama|Film-Noir|Thriller,Czech Republic
283,Flash Point (a.k.a. Flashpoint) (Dou fo sin),2007,Action,Russia
284,Bagdad Cafe (Out of Rosenheim),1990,Comedy|Drama,China
285,Life in a Day,1993,Documentary|Drama,China
286,100 Girls,2012,Comedy|Romance,Portugal
287,Ernest Goes to Camp,2001,Comedy,Poland
288,Freedom Downtime,2002,Adventure|Crime|Documentary,Indonesia
289,Foon,1985,Comedy,United States
290,"Legend of Sleepy Hollow, The",2001,Animation|Comedy|Horror|Musical,China
291,Song of the South,1994,Adventure|Animation|Children|Musical,France
292,Girls Gone Dead,1968,Comedy|Horror,France
293,Edge of Darkness,1985,Drama|Thriller,Mongolia
294,"Little Romance, A",2008,Comedy|Romance,United States
295,Deathsport,2000,Action|Sci-Fi,Poland
296,Fear,2006,Thriller,Armenia
297,"Light at the Edge of the World, The",1996,Adventure,China
298,The Adventures of André and Wally B.,2002,Animation,China
299,Swann in Love (Un amour de Swann),1996,Drama,Argentina
300,"Busher, The",1993,Comedy|Drama,New Caledonia
301,"It's Not Me, I Swear! (C'est pas moi, je le jure!)",2001,Comedy|Drama,Indonesia
302,Red Canyon,1990,Action|Horror|Thriller,China
303,3 Little Ninjas and the Lost Treasure,2010,Action,Mali
304,Mad Love (Juana la Loca),2012,Drama,China
305,Private Resort,1985,Comedy,Indonesia
306,Far and Away,1998,Adventure|Drama|Romance,Poland
307,My Mother and Her Guest (Sarangbang sonnimgwa eomeoni),2008,Drama,Bosnia and Herzegovina
308,"Manchurian Candidate, The",2011,Crime|Thriller|War,Philippines
309,Zatoichi's Pilgrimage (Zatôichi umi o wataru) (Zatôichi 14),2004,Action|Drama,Russia
310,Bedrooms & Hallways,2005,Comedy|Romance,Luxembourg
311,Atlas Shrugged: Who Is John Galt? (Atlas Shrugged: Part III),2009,Drama|Mystery|Sci-Fi,Indonesia
312,"Enforcer, The (Gei ba ba de xin)",1996,Action,China
313,Trapped in Paradise,1983,Comedy|Crime,China
314,Titanic,1998,Drama|Romance,Madagascar
315,Trailer Park Boys: Don't Legalize It,2011,Comedy|Crime|Drama,Finland
316,The Nutcracker Prince,1992,Adventure|Animation|Children|Fantasy,Brazil
317,Middle Men,1993,Comedy|Crime|Drama,Sweden
318,Pontypool,2006,Horror|Thriller,Russia
319,Batman,1987,Action|Adventure|Comedy,Iran
320,AVP: Alien vs. Predator,2002,Action|Horror|Sci-Fi|Thriller,Indonesia
321,Susan Lenox (Her Fall and Rise),2008,Adventure|Drama|Romance,Trinidad and Tobago
322,"Other End of the Line, The",1994,Comedy|Romance,China
323,Debtocracy,2011,Documentary,Russia
324,The Squeeze,2010,Action|Comedy|Crime|Romance|Thriller,China
325,Special Bulletin,2003,Drama,United States
326,The Photographer,2002,Drama,Cuba
327,Mister Lonely,1994,Comedy|Drama,China
328,"Joyless Street, The (Die freudlose Gasse)",1987,Drama,Australia
329,Rhythm of a Crime (Ritam zlocina),1994,Crime|Drama,Sweden
330,For the Bible Tells Me So,2002,Documentary,Venezuela
331,Princesas,1996,Drama,Poland
332,"Jungo Goes Bananas: Jungo III (Jungledyret Hugo: Fræk, flabet og fri)",2010,Adventure|Animation|Children,China
333,Die Hard,2008,Action|Crime|Thriller,Egypt
334,Finder's Fee,2006,Drama|Thriller,Yemen
335,"Shrimp on the Barbie, The",2006,Comedy,South Africa
336,Who Is Killing the Great Chefs of Europe?,1997,Comedy|Crime|Mystery,Cameroon
337,"Touch of Sin, A (Tian zhu ding)",1997,Drama,France
338,Pursuit of Happiness,2003,Comedy|Romance,Indonesia
339,Dark and Stormy Night,1991,Comedy|Mystery,Netherlands
340,Hoop Dreams,1999,Documentary,Japan
341,So It Goes (Korsoteoria),1993,Drama,Indonesia
342,Cars,1997,Animation|Children|Comedy,China
343,Bad Eggs,2000,Comedy|Thriller,Indonesia
344,First Comes Love,2009,Documentary,China
345,Two Weeks in September,2005,Drama|Romance,China
346,San Antonio,1990,Western,Indonesia
347,Gracie,2008,Drama,Ukraine
348,Toy Story,2007,Adventure|Animation|Children|Comedy|Fantasy,Poland
349,Raiders of the Lost Ark: The Adaptation,2006,Action|Adventure|Thriller,China
350,"Counselor, The",2009,Crime|Drama|Thriller,Brazil
351,Chaplin,2010,Drama,Netherlands
352,"Tic Code, The",2009,Drama,China
353,"Christmas Party, The (Joulubileet)",2008,Comedy,China
354,"Krakatoa, East of Java",2006,Adventure|Drama,Nigeria
355,Carolina,1997,Comedy|Romance,Egypt
356,"First Nudie Musical, The",2001,Comedy|Musical,Argentina
357,"Day a Pig Fell Into the Well, The (Daijiga umule pajinnal)",2008,Drama,Thailand
358,Private Detective 62,2011,Comedy|Crime|Drama,France
359,"I Love You, Don't Touch Me!",2011,Drama|Romance,China
360,It Could Happen to You,1989,Comedy|Drama|Romance,Albania
361,"Yoo-Hoo, Mrs. Goldberg",1993,Documentary,Philippines
362,"Story of Dr. Wassell, The",1985,Action|Adventure|Drama|Romance|War,China
363,Brass Monkey,1995,Comedy|Crime|Drama|Mystery,Haiti
364,Pekka ja Pätkä puistotäteinä,2006,Comedy,China
365,Handsome Harry,1967,Crime|Drama,Canada
366,Minority Report,2006,Action|Crime|Mystery|Sci-Fi|Thriller,China
367,21 and Over,1994,Comedy,Russia
368,Inspector Palmu's Error (Komisario Palmun erehdys),2011,Comedy|Crime|Mystery|Thriller,Thailand
369,Alien Cargo,1992,Sci-Fi,Indonesia
370,"Man Who Never Was, The",2000,Drama|War,Japan
371,Bloodfist,2008,Action,Dominican Republic
372,World War Z,2013,Action|Drama|Horror|IMAX,China
373,Doc Hollywood,2011,Comedy|Romance,Brazil
374,Farewell to Matyora,1997,Drama,China
375,Cargo,1986,Drama|Thriller,Philippines
376,Pat and Mike,2004,Comedy|Romance,United States
377,White Squall,1992,Action|Adventure|Drama,Mexico
378,Free Fall,1994,Drama,Peru
379,Aziz Ansari: Buried Alive,2004,Comedy,Portugal
380,Robot Stories,2006,Drama|Sci-Fi,Russia
381,Make Your Move,2003,Musical,Poland
382,Song of the Bloodred Flower (Laulu tulipunaisesta kukasta),1989,Drama,Indonesia
383,Always,2012,Drama|Fantasy|Romance,China
384,Over Your Dead Body,2004,Horror,Philippines
385,"Ivan the Terrible, Part Two (Ivan Groznyy II: Boyarsky zagovor)",1992,Drama,Guatemala
386,Jennifer 8,1999,Mystery|Thriller,China
387,Brighton Rock,2009,Crime|Drama|Film-Noir,Philippines
388,Treasure of the Yankee Zephyr (Race for the Yankee Zephyr),2001,Action|Adventure|Drama,Malawi
389,K2,1994,Adventure|Drama,China
390,"Irony of Fate, or Enjoy Your Bath! (Ironiya sudby, ili S legkim parom!)",2010,Comedy|Drama|Romance,Saudi Arabia
391,"Amish Murder, An",2003,Action|Crime|Drama,France
392,Keith,2010,Drama|Romance,Russia
393,Death of a Salesman,2002,Drama,Brazil
394,Dead in the Water,2004,Crime|Thriller,Uganda
395,Money (L'argent),2004,Crime|Drama,Belize
396,"No Retreat, No Surrender",1997,Action|Drama,Czech Republic
397,Sexmission (Seksmisja),2009,Adventure|Comedy|Sci-Fi,Portugal
398,"Family Stone, The",1997,Comedy|Drama|Romance,Indonesia
399,Crazy Love,2008,Documentary,Greece
400,Trapped in the Closet: Chapters 23-33,2006,Comedy|Crime|Drama|Musical,Portugal
401,Sabrina,2003,Comedy|Romance,United States
402,"Linguini Incident, The",2006,Comedy|Crime,Norway
403,Cheech & Chong: Still Smokin',1988,Comedy,China
404,Breaking the Waves,1999,Drama|Mystery,Indonesia
405,"Student of Prague, The (a.k.a. Bargain with Satan, A) (Student von Prag, Der)",2012,Drama|Horror,China
406,"Sound of Thunder, A",2007,Action|Adventure|Drama|Sci-Fi|Thriller,Ukraine
407,How to Stop Being a Loser,2001,Comedy,China
408,Forest of the Gods (Dievu miskas),2008,Drama,Vietnam
409,Recess: School's Out,1992,Animation|Children,Brazil
410,"Getaway, The",2009,Action|Crime|Drama|Thriller,Philippines
411,David et Madame Hansen,1992,Comedy|Drama,Cameroon
412,Following Sean,2012,Documentary,China
413,Candyman 3: Day of the Dead,2000,Horror,Thailand
414,The Two Policemen,1985,Comedy,Russia
415,Salt,2002,Action|Thriller,China
416,Legend of the Village Warriors (Bangrajan),1998,Action|Drama|War,Indonesia
417,Titan A.E.,1996,Action|Adventure|Animation|Children|Sci-Fi,Indonesia
418,Stereo,1986,Thriller,Poland
419,Sinbad and the Eye of the Tiger,2008,Adventure|Fantasy,China
420,Aces 'N' Eights,2003,Action|Adventure|Drama|Romance|Western,Portugal
421,Yonkers Joe,2001,Drama,Israel
422,Lilies of the Field,1999,Drama,Finland
423,My Friend Irma Goes West,2003,Comedy|Crime|Musical,United Kingdom
424,Twisted Nerve,1989,Crime|Drama|Horror|Thriller,China
425,"Texas Chainsaw Massacre, The",1997,Horror,United States
426,Battle Royale (Batoru rowaiaru),1993,Action|Drama|Horror|Thriller,China
427,"Conquest, The (La conquête)",1999,Drama,Russia
428,"My Son, My Son, What Have Ye Done",2003,Drama|Horror,Brazil
429,Leprechaun: Origins,2001,Horror,Russia
430,Time of the Gypsies (Dom za vesanje),1996,Comedy|Crime|Drama|Fantasy,China
431,Deception,2012,Action|Drama|Thriller,United States
432,Jack Frost,2008,Children,China
433,Blow Out,1969,Mystery|Thriller,India
434,Submarine,1975,Comedy|Drama|Romance,Indonesia
435,Christmas in Connecticut,1994,Comedy|Romance,Indonesia
436,Dark Horse (Voksne mennesker),2007,Comedy|Drama|Romance,Portugal
437,"President's Man: A Line in the Sand, The",2010,Action|Drama|Thriller,Ukraine
438,Machine Gun Preacher,2009,Action|Crime,Poland
439,Kamchatka,2009,Drama,Poland
440,Footloose,2008,Comedy|Drama|Musical,China
441,Buud Yam,1998,Drama,Thailand
442,Mumford,1968,Comedy|Drama,Argentina
443,"7th Voyage of Sinbad, The",2000,Action|Adventure|Fantasy,United States
444,"Pandora's Box (Büchse der Pandora, Die)",2011,Drama,Philippines
445,"Invincible Iron Man, The",2011,Animation,Kazakhstan
446,Will Penny,1993,Romance|Western,Nigeria
447,How to Make Love to a Woman,1997,Comedy|Romance,China
448,Cloak and Dagger,2003,Drama|Romance,Peru
449,Zero Day,1999,Drama,China
450,"Holy Mountain, The (Montaña sagrada, La)",2012,Drama,Japan
451,Faust,2004,Drama|Fantasy|Horror,Indonesia
452,S.O.S. Eisberg,2012,Adventure|Drama,China
453,Winnie the Pooh and Tigger Too,2006,Animation|Children,Colombia
454,Monty Python Live (Mostly),2002,Animation|Comedy|Musical,Guam
455,Everybody's Acting,2006,Drama|Romance,Indonesia
456,Twice in a Lifetime,1986,Drama,Sweden
457,My Life in Orange (Sommer in Orange),1997,Comedy,China
458,"Real Cancun, The",2008,Documentary,Indonesia
459,Appleseed (Appurushîdo),1994,Action|Animation|Fantasy|Sci-Fi,Finland
460,"Brothers Rico, The",2005,Crime|Drama|Film-Noir|Thriller,Dominican Republic
461,Mrs. Pollifax-Spy,1999,Adventure|Comedy,China
462,"Perfect Couple, A",2010,Comedy|Romance,United States
463,Seduced and Abandoned (Sedotta e abbandonata),2002,Comedy|Drama,Indonesia
464,Dragon Ball Z: Bojack Unbound (Doragon bôru Z 9: Ginga girigiri!! Butchigiri no sugoi yatsu),1995,Action|Adventure|Animation|Fantasy,Tanzania
465,24 Hours on Craigslist,1993,Documentary,China
466,"Vampire Bat, The",1992,Horror,China
467,Iceman,1985,Action|Comedy|Sci-Fi,Ukraine
468,Tatsumi,2004,Documentary|Drama|Thriller,Ukraine
469,Freejack,2007,Action|Sci-Fi,Canada
470,Prom,1992,Comedy|Drama,Spain
471,Disco Dancer,1995,Action|Musical|Romance,Nigeria
472,Once Upon a Warrior (Anaganaga O Dheerudu),2000,Action|Adventure|Fantasy|Musical|Romance,China
473,"Boys, The",1990,Drama,Vietnam
474,Angel in Cracow (Aniol w Krakowie),1992,Comedy|Drama,Philippines
475,Alyce Kills,2003,Horror|Thriller,Indonesia
476,Ginger and Fred (Ginger e Fred),2003,Comedy|Drama,Philippines
477,"Bedroom Window, The",2009,Thriller,China
478,"Great Buck Howard, The",1992,Comedy,Albania
479,"Cocoanuts, The",2003,Comedy|Musical,Peru
480,Blood River,2001,Horror|Thriller|Western,Greece
481,"Pink Ribbons, Inc.",1995,Documentary,Russia
482,Diary of a Nymphomaniac (Diario de una Ninfómana),1991,Drama,China
483,Griffin and Phoenix,2004,Drama,Russia
484,"Man Who Sleeps, The (Un homme qui dort)",2001,Drama,Russia
485,"Outlaw and His Wife, The (a.k.a. You and I) (Berg-Ejvind och hans hustru)",1961,Drama,Portugal
486,Barnens ö,2006,Adventure|Children|Drama,China
487,Spontaneous Combustion,2011,Horror|Sci-Fi|Thriller,North Korea
488,Mighty Uke,2005,Documentary,Ukraine
489,Jason's Lyric,2005,Crime|Drama,China
490,"Bunker, The",2004,Drama|Horror|Mystery|Thriller|War,Indonesia
491,"The Hire: Follow, The",1995,Drama,Ukraine
492,Luna Papa,2004,Comedy|Drama|Fantasy,Vietnam
493,Anger Management,2010,Comedy,Haiti
494,Newcastle,2001,Drama,Russia
495,Edward II,1996,Drama,Portugal
496,Punk in London,1999,Documentary|Musical,Panama
497,TT3D: Closer to the Edge,2007,Documentary,France
498,Always Tell Your Wife,2009,Comedy,Czech Republic
499,Borgman,2002,Thriller,France
500,Jealousy,1996,Drama,Thailand
501,Yertle the Turtle and Other Stories,1998,Animation|Children,Venezuela
502,"Third Wave, The (Tredje vågen, Den)",2001,Action|Thriller,China
503,"Seventh Brother, The (A hetedik testvér)",2000,Animation|Children,United States
504,"Child's Christmas in Wales, A",1997,Children|Drama,Portugal
505,"House of the Spirits, The",1999,Drama|Romance,Peru
506,Sunrise: A Song of Two Humans,1999,Drama|Romance,China
507,U2: Rattle and Hum,2011,Documentary|Musical,Philippines
508,Brave New World,1998,Sci-Fi,Russia
509,Mean Creek,2009,Drama|Thriller,Serbia
510,Death Proof,2003,Action|Adventure|Crime|Horror|Thriller,United States
511,"Brothers Karamazov, The",2000,Drama,Mexico
512,People in Places,1988,Comedy|Drama,Jordan
513,Aziz Ansari: Buried Alive,2004,Comedy,Indonesia
514,Negative Happy Chainsaw Edge (Negatibu happî chênsô ejji),2011,Comedy|Horror,Japan
515,Mark Shoots First,2011,(no genres listed),Argentina
516,Daria: Is It College Yet?,2009,Animation|Comedy,Azerbaijan
517,Bugs Bunny's Looney Christmas Tales,1992,Animation|Children,Nicaragua
518,Sabretooth,2008,Action|Adventure|Horror|Sci-Fi|Thriller,Philippines
519,B. Monkey,2001,Crime|Romance|Thriller,China
520,Ranma ½: Nihao My Concubine (Ranma ½: Kessen Tôgenkyô! Hanayome o torimodose!!),1999,Action|Adventure|Comedy|Fantasy|Romance,Bolivia
521,Chak De India!,2000,Drama,Mexico
522,2010: The Year We Make Contact,1967,Sci-Fi,Sweden
523,Only Two Can Play,1997,Comedy|Drama,Chile
524,Colorado Territory,1992,Western,United States
525,"Battered Bastards of Baseball, The",2006,Documentary,Japan
526,"Absent-Minded Professor, The",2000,Children|Comedy|Fantasy,Belarus
527,Crawlspace,2004,Horror|Mystery|Sci-Fi|Thriller,Tunisia
528,Hercules in the Underworld,1992,Action|Adventure|Fantasy|Sci-Fi,Indonesia
529,"Man Called Sledge, A",2000,Western,Portugal
530,The Karen Carpenter Story,2012,(no genres listed),Colombia
531,Love & Sex,1986,Comedy|Drama|Romance,Portugal
532,Linotype: The Film,2005,Documentary,Portugal
533,Deck the Halls,1996,Comedy,Russia
534,Kingdom of the Spiders,2007,Horror|Sci-Fi,Indonesia
535,Mammy,1981,Comedy|Drama|Musical,China
536,"Four, The (Si da ming bu)",1979,Action|Crime|Fantasy,China
537,Father Goose,2001,Adventure|Comedy|Romance|War,Bulgaria
538,1941,2010,Comedy|War,Indonesia
539,97 Percent True,2001,Documentary,France
540,Sound of My Voice,2000,Drama|Mystery|Sci-Fi,Ecuador
541,Between Heaven and Hell,2010,Drama|War,United States
542,Little Miss Marker,1999,Comedy|Drama,Peru
543,"Brats, The (Les gamins)",2002,Comedy,Japan
544,Lucky,2008,Documentary,Argentina
545,Hoosiers (a.k.a. Best Shot),1985,Drama|Romance,China
546,Detective (Détective),2001,Crime|Drama,Colombia
547,D-War (Dragon Wars),2009,Action|Adventure|Drama|Fantasy,Indonesia
548,Male Domination,1997,Documentary,Russia
549,Fanboys,2012,Adventure|Comedy|Drama,Chile
550,"Other Man, The",1995,Drama,China
551,"Wedding Photographer, The (Bröllopsfotografen)",1999,Comedy|Drama|Romance,Philippines
552,Ready to Wear (Pret-A-Porter),2000,Comedy,Philippines
553,Angela's Ashes,2008,Drama,China
554,Amazon Women on the Moon,1992,Comedy|Sci-Fi,Cuba
555,Smiley,2011,Horror,Hong Kong
556,Inspector Bellamy (Bellamy),2007,Crime|Drama,Indonesia
557,Big Night,1985,Comedy|Drama,China
558,Ginger Snaps: Unleashed,2007,Horror|Thriller,Indonesia
559,Kairat,1998,Drama,China
560,Kaspar Hauser,1996,Drama|Mystery,Indonesia
561,"Girl Can't Help It, The",2004,Comedy,United States
562,My Life and Times With Antonin Artaud (En compagnie d'Antonin Artaud),2005,Drama,Serbia
563,Antz,2009,Adventure|Animation|Children|Comedy|Fantasy,China
564,Blade II,1992,Action|Horror|Thriller,Indonesia
565,Jönssonligan spelar högt,1991,Comedy,Thailand
566,Buddy Boy,1999,Drama|Thriller,China
567,Cruel Gun Story (Kenjû zankoku monogatari),2005,Action|Crime|Thriller,United States
568,Joyeux Noël (Merry Christmas),1999,Drama|War,Greece
569,"Legend of Leigh Bowery, The",2005,Documentary,Portugal
570,Katze im Sack,2012,Drama,Russia
571,"Elephant Man, The",2008,Drama,China
572,"Patsy, The",1992,Comedy,Thailand
573,New Fist of Fury (Xin jing wu men),2005,Action|Drama,Ireland
574,Fish Tank,1993,Drama,Poland
575,Rude,1994,Drama,Ukraine
576,Gantz,2012,Action|Horror|Sci-Fi,Philippines
577,Love the Beast,2003,Documentary,China
578,The Tomb,2005,Horror|Thriller,Uganda
579,Come Blow Your Horn,1997,Comedy,Argentina
580,Let it Rain (Parlez-moi de la pluie),1993,Comedy|Drama,Tunisia
581,"Spook Who Sat by the Door, The",1993,Action|Crime|Drama,China
582,Paris Belongs to Us (Paris nous appartient),1994,Mystery,Mexico
583,Private Hell 36,1991,Crime|Drama|Film-Noir,Poland
584,Genghis Khan,1986,Adventure|Drama|War,Poland
585,Agatha,1990,Drama|Mystery,Palestinian Territory
586,Werckmeister Harmonies (Werckmeister harmóniák),2004,Drama,United States
587,Alien from L.A.,1995,Sci-Fi,Russia
588,King of the Children (Hai zi wang),2008,Drama,Mexico
589,Private,1992,Drama|War,Syria
590,"Matrix Reloaded, The",2003,Action|Adventure|Sci-Fi|Thriller|IMAX,China
591,"Invisible War, The",1993,Crime|Documentary|Drama|War,Russia
592,"Sweetest Thing, The",2001,Comedy|Romance,Russia
593,"Castle of the Living Dead (Castello Dei Morti Vivi, Il)",2001,Horror|Sci-Fi|Thriller,France
594,She Cried No (Freshman Fall),1994,Crime|Drama,Indonesia
595,Dream a Little Dream,1995,Comedy|Drama|Romance,Philippines
596,Guns of the Magnificent Seven,1997,Action|Adventure|Drama|Western,Mexico
597,Vatel,1986,Drama,Russia
598,Making the Earth Stand Still,2011,Documentary,France
599,Skyfall,1985,Action|Adventure|Thriller|IMAX,Peru
600,Caltiki the Undying Monster,2011,Adventure|Horror|Sci-Fi|Thriller,France
601,Franz Kafka's a Country Doctor,2007,Animation|Drama,Indonesia
602,Burrowing (Man tänker sitt),2007,Drama,China
603,On the Occasion of Remembering the Turning Gate (Saenghwalui balgyeon),2012,Drama,France
604,Othello,2002,Drama,Brazil
605,Wuthering Heights,1996,Drama,Mexico
606,Nobody's Fool,2002,Comedy|Drama|Romance,Indonesia
607,Nil By Mouth,1997,Drama,Ivory Coast
608,Blue Gold: World Water Wars,1995,Documentary,Greece
609,La vérité si je mens !,2012,Comedy,United States
610,Grand Tour: Disaster in Time (Timescape),2000,Children|Sci-Fi,China
611,Executive Action,2012,Crime|Drama,China
612,Midnight Clear,2012,Drama,France
613,Extraordinary Measures,1993,Drama,Thailand
614,"Wind Rises, The (Kaze tachinu)",1999,Animation|Drama|Romance,Brazil
615,Crooked Arrows,2004,Drama,Bulgaria
616,Island of Lost Souls,1998,Adventure|Horror|Romance|Sci-Fi,Morocco
617,Vesna va veloce,1997,Drama,Japan
618,Alamo Bay,1990,Action|Drama|Romance,Portugal
619,"Signal, The (Señal, La)",2012,Drama|Film-Noir|Mystery|Romance,Poland
620,"Ten, The",2007,Comedy,Portugal
621,Electric Shadows (Meng ying tong nian),1999,Drama,China
622,"24 Hour Woman, The",1998,Comedy|Drama,China
623,King of Jazz,2003,Animation|Musical,China
624,Last Call (Hoogste tijd),1998,Drama,Czech Republic
625,Larry the Cable Guy: Health Inspector,2012,Comedy,Portugal
626,State Affairs (Une affaire d'état),2001,Thriller,Palestinian Territory
627,"Dictator, The",1998,Comedy,Portugal
628,Since You Went Away,2002,Drama|War,Sweden
629,Like You Know It All (Jal aljido mothamyeonseo),2010,Drama,Poland
630,Allan Quatermain and the Temple of Skulls,2008,Action|Adventure,China
631,One Sunday Afternoon,2004,Comedy|Romance,Mongolia
632,Out On A Limb,1966,Comedy,China
633,Looking for Comedy in the Muslim World,2003,Comedy,Indonesia
634,Rough Magic,2010,Drama|Romance,China
635,David Copperfield,1999,Drama,Mexico
636,"Four, The (Si da ming bu)",2011,Action|Crime|Fantasy,China
637,Zombie Apocalypse,2000,Action|Horror|Sci-Fi,Sri Lanka
638,Fried Green Tomatoes,1998,Comedy|Crime|Drama,Indonesia
639,"Letter to Three Wives, A",2001,Comedy|Drama,Philippines
640,Electric Dragon 80.000 V,2000,Drama|Fantasy|Sci-Fi,Poland
641,Suicide Kings,2008,Comedy|Crime|Drama|Mystery|Thriller,Samoa
642,Duck Season (Temporada de patos),2010,Comedy,China
643,Troy,2003,Action|Adventure|Drama|War,Germany
644,Tucker: The Man and His Dream,2005,Drama,Brazil
645,Texas Chainsaw 3D,2007,Horror|Mystery|Thriller,Brazil
646,"East Side, West Side",2012,Crime|Drama|Romance,Norway
647,I Have Found It (Kandukondain Kandukondain),2004,Comedy|Drama|Musical|Romance,Honduras
648,"Noose, The (Petla)",1995,Drama,China
649,The Moromete Family,2004,Drama,Argentina
650,Goliyon Ki Raasleela Ram-Leela,2012,Drama|Romance,China
651,AM1200,1997,Horror,Zambia
652,"Goodbye, South, Goodbye (Nan guo zai jian, nan guo)",1991,Crime|Drama,Sweden
653,Road to Redemption,2010,Comedy|Drama,Czech Republic
654,The Circle,2001,Documentary|Drama,Moldova
655,"Apprenticeship of Duddy Kravitz, The",1991,Comedy|Drama,China
656,Two for the Money,2003,Drama,Philippines
657,Shadowboxer,1996,Crime|Drama|Thriller,China
658,Desperate,1992,Drama|Film-Noir,Syria
659,Bethlehem,2010,Drama|Thriller|War,Philippines
660,"Tale of Two Sisters, A (Janghwa, Hongryeon)",1990,Drama|Horror|Mystery|Thriller,Portugal
661,"Girl, The",1984,Drama,Philippines
662,Phaedra,2006,Drama,China
663,Mortadelo & Filemon: The Big Adventure (La gran aventura de Mortadelo y Filemón),1990,Action|Adventure|Comedy,Venezuela
664,Big Trouble in Little China,2005,Action|Adventure|Comedy|Fantasy,Czech Republic
665,Impostor,2008,Action|Drama|Sci-Fi|Thriller,Indonesia
666,The Wedding Ringer,1989,Comedy,Indonesia
667,"Sunday Day in Hell, A (En forårsdag i Helvede)",1996,Documentary,Honduras
668,Nightmaster (Watch the Shadows Dance),2012,Action,Philippines
669,Babylon 5: In the Beginning,1964,Adventure|Sci-Fi,United States
670,Water-mirror of Granada,2002,Documentary,China
671,Tabu,2009,Drama|Romance,Syria
672,"Have Dreams, Will Travel",2006,Drama|Romance,China
673,BookWars,1998,Comedy|Crime|Documentary,Argentina
674,Lightning Bolt: The Power of Salad,2010,Documentary,Indonesia
675,Across the Bridge,2008,Crime|Drama|Thriller,Albania
676,Avanti!,2005,Comedy|Drama,Philippines
677,Baboona,2006,Adventure|Documentary,China
678,You've Got Mail,1989,Comedy|Romance,Indonesia
679,In the Shadow of the Machine,2010,Documentary,Russia
680,Shall We Kiss? (Un baiser s'il vous plait),2011,Comedy|Romance,Belarus
681,Doctor X,2006,Horror|Thriller,Madagascar
682,Character (Karakter),2000,Drama,Japan
683,Takedown,2012,Action|Thriller,China
684,"Young Unknowns, The",2010,Drama,Russia
685,Young People,2002,Drama,Indonesia
686,New Scenes from America,1965,Documentary,Argentina
687,Carry on Spying (Agent Oooh!),1995,Comedy,Greece
688,Holy Rollers,2007,Crime|Drama,Russia
689,Strawberry Wine,1997,Drama,Tanzania
690,"Adventures of Mark Twain, The",2003,Adventure|Animation|Children,Trinidad and Tobago
691,Shock Waves,2002,Horror,China
692,Perfect Stranger,2006,Crime|Drama|Mystery|Thriller,Peru
693,No Name on the Bullet,2003,Western,China
694,Josie and the Pussycats,2000,Comedy,French Polynesia
695,Double Impact,1989,Action,China
696,The Man Who Could Cheat Death,1995,Horror|Sci-Fi,Brazil
697,Pups,1997,Crime|Drama|Thriller,China
698,"Last Boy Scout, The",2002,Action|Comedy|Crime|Drama|Thriller,Japan
699,"Yank in the R.A.F., A",1998,Action|Adventure|Drama|Romance|War,China
700,No Name on the Bullet,1992,Western,Nigeria
701,"Riot Club, The",1997,Drama|Thriller,China
702,The Violent Professionals,1994,Crime|Drama,Iran
703,"Good Man in Africa, A",1994,Action|Adventure,Finland
704,Letting Go of God,2009,Comedy|Documentary,Egypt
705,Yesterday Was a Lie,1996,Drama|Film-Noir|Mystery|Romance|Sci-Fi,China
706,"Donner Party, The",1993,Drama|Western,China
707,Homevideo,2010,Drama,Bosnia and Herzegovina
708,Countess Dracula,2000,Horror,Brazil
709,"Goalie's Anxiety at the Penalty Kick, The (Die Angst des Tormanns beim Elfmeter)",2005,Drama,China
710,Fair Game,1999,Action,Yemen
711,Enlightenment Guaranteed (Erleuchtung Garantiert),1999,Comedy|Drama,Sweden
712,"Garden, The",1999,Drama,Thailand
713,"Mississippi Mermaid (Sirène du Mississipi, La)",1992,Crime|Drama|Romance,Portugal
714,Ryan's Daughter,1992,Drama|Romance,French Southern Territories
715,"Scarlet Letter, The",1994,Drama|Romance,Jamaica
716,"Skeleton Key, The",2007,Drama|Horror|Mystery|Thriller,China
717,Bill Hicks: Sane Man,1998,Comedy,Argentina
718,"Very Harold & Kumar 3D Christmas, A",1996,Comedy,Russia
719,Shark Alarm at Müggelsee (Hai Alarm am Müggelsee),1999,Comedy,Norway
720,Intolerance: Love's Struggle Throughout the Ages,2011,Drama,China
721,Love Songs (Les chansons d'amour),2005,Drama|Musical,Pakistan
722,State Property,1995,Action|Crime|Drama,Indonesia
723,Men Don't Leave,1993,Drama,Indonesia
724,Eyes Wide Open (Einayim Petukhoth),1993,Drama,New Zealand
725,Swamp Thing,1990,Horror|Sci-Fi,Serbia
726,Artifact,1993,Documentary,Kazakhstan
727,Free Men (Les hommes libres),2011,Drama|War,China
728,Army of Crime (L'armée du crime),1994,Drama|Thriller|War,Portugal
729,"Strong Man, The",2008,Comedy,Afghanistan
730,Master of the Flying Guillotine (Du bi quan wang da po xue di zi),2001,Action,Indonesia
731,"Cameraman, The",2002,Comedy|Drama|Romance,Bulgaria
732,Random Hearts,2010,Drama|Romance,China
733,Carlito's Way: Rise to Power (Carlito's Way 2: Rise to Power),1992,Action|Crime|Drama|Thriller,Vietnam
734,Son of a Gun,1995,Action|Crime|Drama,China
735,Skirt Day (La journée de la jupe),1996,Drama,Brazil
736,No Way to Treat a Lady,2003,Crime|Drama|Thriller,China
737,The Epic of Everest,2000,Documentary,Bangladesh
738,Blind Beast (Môjuu),1967,Drama|Thriller,China
739,"Murder, He Says",1993,Comedy,South Africa
740,The Fountain,1990,Comedy,Poland
741,Goodbye Charlie,2005,Comedy|Fantasy|Romance,Brazil
742,"Candidate, The (Kandidaten)",1991,Thriller,Brazil
743,Triangle (Tie saam gok),2012,Action,China
744,"Last Dispatch, The",1994,Documentary,Russia
745,Guarding Tess,1996,Comedy|Drama,Croatia
746,Orchestra Rehearsal (Prova d'orchestra),1999,Drama,Japan
747,Dillinger and Capone,1995,Crime|Drama,Indonesia
748,They All Laughed,1987,Comedy,Argentina
749,To Kill a Priest,1995,Drama,Philippines
750,Murph: The Protector,1999,Documentary|War,Russia
751,"Immature, The (Immaturi)",1998,Comedy,Bangladesh
752,Secret Ceremony,1998,Drama|Thriller,China
753,Russendisko,2012,Comedy,China
754,Brideshead Revisited,1977,Drama,Portugal
755,Ulysses' Gaze (To Vlemma tou Odyssea),1985,Drama|War,Serbia
756,Temptress Moon (Feng Yue),2003,Romance,France
757,Clouds of Sils Maria,1993,Drama,Poland
758,Journey Beyond Three Seas,2008,Adventure,Colombia
759,Oxford Blues,1971,Comedy|Drama,Ukraine
760,Seed,2001,Horror,Canada
761,Goal II: Living the Dream,1997,Action|Drama,Kuwait
762,"Construction, The (En construcción)",1997,Documentary,Indonesia
763,Evenings on a Farm near Dikanka,2012,Comedy|Fantasy|Romance,China
764,Beyond the Door II (Schock) (Shock) (Suspense),1998,Horror,South Korea
765,Secret Window,2004,Mystery|Thriller,China
766,ATL,2006,Drama,Grenada
767,"Locusts, The",2005,Drama,Philippines
768,Marley,1989,Documentary,Palestinian Territory
769,8 Women,1994,Comedy|Crime|Musical|Mystery,Philippines
770,Short Circuit 2,2004,Comedy|Sci-Fi,Italy
771,"Nature of the Beast, The",1995,Crime|Horror|Mystery|Thriller,Iran
772,Citizen Kane,1985,Drama|Mystery,Russia
773,Boot Camp,2004,Thriller,Brazil
774,Heart of a Lion (Leijonasydän),1989,Drama|Romance,China
775,In Passing,2009,Drama|Fantasy|Mystery,Brazil
776,Last Resort,1991,Drama|Romance,China
777,3rd World Hero (Bayaning Third World),1988,Drama,Sweden
778,"Peacekeeper, The",1989,Action,Kazakhstan
779,Four Adventures of Reinette and Mirabelle (4 aventures de Reinette et Mirabelle),1989,Comedy|Drama|Romance,China
780,Nazis at the Center of the Earth,1969,Action|Adventure|Horror|Thriller,Mozambique
781,Being There,2006,Comedy|Drama,France
782,Calamity Jane,2011,Musical|Western,Indonesia
783,Caddyshack,1997,Comedy,Indonesia
784,"Film with Me in It, A",2006,Comedy|Thriller,Finland
785,Bernice Bobs Her Hair,1989,Comedy|Drama,China
786,"Children of Noisy Village, The (a.k.a Children of Bullerby Village, The) (Alla vi barn i Bullerbyn)",1997,Children,China
787,Tetro,1995,Drama|Mystery,Thailand
788,My Life in Ruins,2003,Comedy,Indonesia
789,"Pleasure of Being Robbed, The",2009,Comedy,South Africa
790,Gigli,1986,Comedy|Crime|Romance,United States
791,"Friends of Eddie Coyle, The",2008,Crime|Drama|Thriller,China
792,American Ninja 3: Blood Hunt,1998,Action|Adventure,Russia
793,At Sword's Point,1992,Adventure,Philippines
794,"Touch of Zen, A (Xia nu)",2003,Action|Adventure,Czech Republic
795,Cutie Honey,1994,Action,China
796,"Bobo, The",1996,Comedy,China
797,The Incident,1990,Drama,Portugal
798,Mongolian Ping-Pong (Lü cao di),2011,Comedy|Drama,China
799,Knockaround Guys,1959,Action|Comedy|Crime,Swaziland
800,Araya,1997,Documentary,China
801,"Devil Dared Me To, The",2004,Action|Comedy,China
802,Salvatore Giuliano,2002,Crime|Drama|War,France
803,Let the Good Times Roll,2008,Documentary,Mongolia
804,Rails & Ties,1998,Drama,Russia
805,"Ghostmaker, The (Box of Shadows)",2009,Horror|Sci-Fi|Thriller,Zimbabwe
806,"Dangerous Man, A",2004,Action|Crime|Thriller,China
807,What Happens in Vegas...,2005,Comedy|Romance,Czech Republic
808,Intimate Enemies (L'ennemi intime),1987,Drama|War,Croatia
809,Naked Violence,1992,Crime|Drama,Indonesia
810,Team America: World Police,1999,Action|Adventure|Animation|Comedy,Brazil
811,Toy Soldiers,2008,Action|Drama,Japan
812,12,2011,Crime|Drama|Thriller|War,Pakistan
813,Dance with the Devil (Perdita Durango),1990,Action|Crime|Drama|Romance,Sweden
814,Cowboy,1998,Western,China
815,Ju-on: The Curse,1997,Horror,Bolivia
816,Rancho Deluxe,2011,Comedy|Western,China
817,Shark Attack,1999,Action|Horror,Venezuela
818,Sunday in New York,1991,Comedy|Romance,Japan
819,"Man There Was, A (Terje Vigen)",1996,Drama,Indonesia
820,"10th Victim, The (La decima vittima)",2008,Action|Comedy|Sci-Fi|Thriller,Russia
821,"Sting II, The",1998,Comedy|Crime,Sweden
822,"Awful Dr. Orlof, The (Gritos en la Noche)",2008,Horror|Thriller,Russia
823,Crimewave,1986,Comedy|Crime,China
824,Captives,1976,Crime|Drama|Romance|Thriller,United States
825,Crimson Gold (Talaye sorgh),2002,Drama,Slovenia
826,Pekka ja Pätkä puistotäteinä,1985,Comedy,China
827,Shrek 2,2004,Adventure|Animation|Children|Comedy|Musical|Romance,Sri Lanka
828,"Phenix City Story, The",2010,Crime|Drama|Film-Noir,Venezuela
829,'R Xmas,2009,Crime|Drama,Thailand
830,"Munekata Sisters, The (Munekata kyôdai)",2005,Drama,Sweden
831,Legion,2011,Action|Fantasy|Horror|Thriller,China
832,"Boy Friend, The",2012,Comedy|Musical|Romance,Peru
833,Retro Puppet Master (Puppet Master 7),2009,Horror|Sci-Fi|Thriller,Philippines
834,Stay Cool,2010,Comedy|Drama|Romance,Croatia
835,"Ugly Dachshund, The",2005,Children|Comedy,France
836,Johnny English Reborn,2006,Adventure|Comedy|Thriller,Vietnam
837,Judge Priest,1998,Comedy|Drama|Romance,Indonesia
838,"50 Worst Movies Ever Made, The",1994,Documentary,China
839,Judgment Night,2009,Action|Crime|Thriller,Tunisia
840,Imagine: John Lennon,1996,Documentary,China
841,Small Town of Anara (Qalaqi Anara),2002,Comedy,Indonesia
842,Harvest,2006,Drama,China
843,This is Our Time,2007,Drama,China
844,"Cry, The (Grido, Il)",1991,Drama,Brazil
845,Prom,2007,Comedy|Drama,Russia
846,How to Murder Your Wife,2006,Comedy,Philippines
847,Jumanji,2008,Adventure|Children|Fantasy,China
848,"Candy Snatchers, The",1995,Crime|Thriller,Indonesia
849,Knock Off,1988,Action,Uzbekistan
850,"Plainsman, The",2008,War|Western,Bulgaria
851,FairyTale: A True Story,2007,Children|Drama|Fantasy,Germany
852,Pulling John,1992,Documentary,Philippines
853,King Solomon's Mines,1999,Action|Adventure|Romance,Indonesia
854,Robin Hood: Prince of Thieves,1994,Adventure|Drama,Sweden
855,We're Back! A Dinosaur's Story,1990,Adventure|Animation|Children|Fantasy,Pakistan
856,Swimming to Cambodia,2008,Drama,Armenia
857,American Pie 2,2004,Comedy,Indonesia
858,Bouncing Babies,2002,Comedy,China
859,Six Ways to Sunday,2002,Comedy,China
860,You Got Served,2008,Drama|Musical,Greece
861,Slaughter of the Innocents,1992,Crime|Horror|Mystery|Thriller,Russia
862,Into the Arms of Strangers: Stories of the Kindertransport,1994,Documentary,Indonesia
863,Dr. Bronner's Magic Soapbox,1999,Documentary,Indonesia
864,"Undefeated, The",1986,Western,South Africa
865,Pontiac Moon,1998,Drama,France
866,Marketa Lazarová,2007,Drama|Romance,China
867,Martian Child,2006,Comedy|Drama,Indonesia
868,Memory,1988,Drama|Horror|Thriller,China
869,"Abbott and Costello Meet the Killer, Boris Karloff",2005,Comedy|Mystery|Thriller,China
870,Punks,2002,Comedy,Bolivia
871,Vermont Is For Lovers,2009,Comedy|Documentary|Romance,China
872,She Had to Say Yes,2009,Drama,China
873,"Odd Couple, The",1993,Comedy,Japan
874,Fire Over England,2001,Adventure|Romance|War,Poland
875,Battlestar Galactica,2004,Drama|Sci-Fi|War,Senegal
876,Blonde and Blonder,1999,Comedy|Crime,Iran
877,Lady Dragon,1995,Action|Drama,China
878,"Leafie, a Hen Into the Wild (Madangeul Naon Amtak)",1993,Adventure|Animation|Drama,Sweden
879,"Occupants, The",2007,Thriller,Japan
880,Irreconcilable Differences,2001,Comedy|Drama|Romance,China
881,Purgatory,1966,Fantasy|Western,China
882,Amazing Journey: The Story of The Who,2005,Documentary,Myanmar
883,Mona and the Time of Burning Love (Mona ja palavan rakkauden aika)),2001,Drama,Indonesia
884,Invitation to Happiness,2009,Drama|Romance,Portugal
885,Maid of Salem,1987,Drama,China
886,Murder à la Mod,2010,Comedy|Crime|Mystery,Colombia
887,Under the Age,1994,Drama,France
888,I Spit on Your Grave (Day of the Woman),2005,Horror|Thriller,Palestinian Territory
889,The Beast Kills in Cold Blood,2002,Horror|Mystery|Thriller,Russia
890,Dick Tracy,1994,Action|Crime,United States
891,"Great Sinner, The",2009,Drama,Sweden
892,High and Dizzy,2012,Comedy,Cocos Islands
893,Hail Columbia!,1988,Documentary|IMAX,Peru
894,Mr. Denning Drives North,2002,Crime|Drama|Mystery,Poland
895,Where Do We Go Now?,2001,Comedy|Drama,China
896,Period of Adjustment,2002,Comedy|Drama,France
897,Two Moon Junction,2002,Drama|Romance,China
898,Robin Hood,1988,Action|Adventure|Drama|Romance|War,Finland
899,Life Is Beautiful (La Vita è bella),1998,Comedy|Drama|Romance|War,Sweden
900,Dominick and Eugene,1997,Drama,Uruguay
901,"Bridge, The (Brücke, Die)",2011,Drama|War,Canada
902,"Wrong Arm of the Law, The",2001,Comedy|Crime,South Africa
903,Big Jim McLain,1993,Action|Crime|Drama|Romance|Thriller,Brazil
904,Legal Eagles,2005,Comedy|Crime|Romance,Ukraine
905,About Adam,2007,Comedy,Poland
906,Amen,2009,Drama|Musical,Kazakhstan
907,Cleanskin,1986,Crime|Drama|Thriller,China
908,"Bird of the Air, A (Loop, The)",2009,Drama|Romance,China
909,Kind Hearts and Coronets,2004,Comedy|Drama,Indonesia
910,Malice,2002,Thriller,China
911,Rampage,2000,Action|Crime|Thriller,Mexico
912,Mr. Jealousy,2011,Comedy|Romance,China
913,Hyenas (Hyènes),1991,Comedy|Drama,Somalia
914,Cold Comes the Night,1995,Crime|Drama|Thriller,Myanmar
915,"Man from Nowhere, The (Ajeossi)",1992,Action|Crime|Thriller,China
916,Control (Kontroll),2009,Comedy|Crime|Drama|Mystery,Peru
917,"Lost World, The",2005,Adventure,Canada
918,"No Retreat, No Surrender 2: Raging Thunder",1988,Action|Adventure,Czech Republic
919,Charlotte's Web,2008,Children|Comedy|Drama|Fantasy,Poland
920,Night Nurse,1993,Crime|Drama|Mystery|Thriller,China
921,Vile ,1995,Horror,Argentina
922,Métastases,2010,Comedy,Ethiopia
923,2-Headed Shark Attack,2009,Comedy|Horror,Indonesia
924,Sabrina,1987,Comedy|Romance,China
925,Across the Wide Missouri,1997,Adventure|Romance|Western,Brazil
926,Bosko's Parlor Pranks,2007,Animation,Poland
927,Jumbo (Billy Rose's Jumbo),2011,Comedy|Musical|Romance,China
928,"War at Home, The",1992,Drama,China
929,The Gang That Sold America,2012,Action|Comedy,Canada
930,London After Midnight,1988,Drama|Horror,Brazil
931,Nana,2002,Drama,Brazil
932,"Moment to Remember, A (Nae meorisokui jiwoogae)",2004,Drama|Romance,China
933,"Bride Comes Home, The",2012,Comedy|Romance,Syria
934,Shirin in Love,1996,Comedy|Romance,Russia
935,My Best Friend's Wedding,2004,Comedy|Romance,United States
936,Zebrahead,2001,Drama,France
937,Godzilla vs. Mechagodzilla (Gojira tai Mekagojira),2001,Action|Horror|Sci-Fi,China
938,The Disappeared,1989,Documentary,Indonesia
939,Stardust,1999,Drama,Brazil
940,Moment by Moment,2012,Drama|Romance,China
941,Home Sweet Hell,1997,Comedy|Drama,China
942,Veer Zaara,1998,Drama|Musical|Romance,Poland
943,"Cercle Rouge, Le (Red Circle, The)",2012,Crime|Thriller,Philippines
944,All's Well,2003,Drama,Russia
945,"Castaway Cowboy, The",2008,Comedy|Western,Peru
946,One Missed Call,1989,Horror|Mystery|Thriller,Philippines
947,Wolf,2002,Drama|Horror|Romance|Thriller,China
948,Circles (Krugovi),1999,Drama,Russia
949,Taxi 4,2010,Action|Comedy,Palau
950,Ponyo (Gake no ue no Ponyo),1986,Adventure|Animation|Children|Fantasy,Costa Rica
951,Changing Sides (De l'autre côté du lit),2008,Comedy,China
952,Alice's Restaurant,2006,Comedy|Drama,China
953,A Patriotic Man,1993,Comedy|Drama,Thailand
954,G@me,1994,Thriller,Ivory Coast
955,"Colony, The",1996,Action|Horror|Sci-Fi|Thriller,Japan
956,"Yank in the R.A.F., A",1989,Action|Adventure|Drama|Romance|War,Indonesia
957,Battle for Haditha,2002,War,United States
958,Rosencrantz and Guildenstern Are Undead,1989,Comedy|Horror,Indonesia
959,Two of a Kind,2011,Comedy|Fantasy|Romance,Finland
960,Shadowboxer,2010,Crime|Drama|Thriller,Russia
961,Brain Donors,2000,Comedy,Thailand
962,An American Hippie in Israel,2006,Action|Comedy|Sci-Fi,Poland
963,Pawn,2007,Crime|Thriller,Malaysia
964,"Witching and Bitching (Brujas de Zugarramurdi, Las)",2011,Comedy|Fantasy,China
965,Werner - Beinhart!,1992,Action|Animation|Comedy,Brazil
966,Challenge of the Masters (Liu A-Cai yu Huang Fei-Hong),2004,Action|Drama,Philippines
967,"Milk of Sorrow, The (Teta asustada, La)",2005,Drama,Sierra Leone
968,Too Late the Hero,1990,Action|War,South Africa
969,"Color of Friendship, The",2011,Comedy|Drama,Poland
970,Forest Warrior,1996,Action|Adventure|Comedy|Western,Vietnam
971,Enemies Closer,2004,Action|Thriller,South Africa
972,Raw Deal,1994,Action,China
973,House of Dark Shadows,1995,Drama|Horror|Romance,North Korea
974,Like Water,1999,Documentary,Czech Republic
975,Kilometre Zero (Kilomètre zéro),1999,Drama|War,China
976,Wag the Dog,2003,Comedy,Peru
977,One 2 Ka 4,1995,Action|Comedy|Drama,Saint Barthelemy
978,Goya: Crazy Like a Genius,1999,Documentary,Indonesia
979,Johnny Got His Gun,2012,Drama|War,Sweden
980,In the Winter Dark,2008,Drama,Indonesia
981,Madame Rosa (La vie devant soi),2004,Drama,China
982,Open Season 2,1993,Adventure|Animation|Children|Comedy,China
983,In America,1995,Drama|Romance,Croatia
984,X-Men,2007,Action|Adventure|Sci-Fi,France
985,Pusher,2005,Crime|Thriller,China
986,The Mascot,2008,Animation,Russia
987,"Strong Man, The",2003,Comedy,Poland
988,Nymph,2007,Fantasy|Horror,France
989,Baraka,2009,Documentary,China
990,9th Company,1994,Action|Drama|War,China
991,The Young Savages,1987,Crime|Drama,Brazil
992,Kicking & Screaming,2004,Comedy,China
993,Eyes of a Stranger,2012,Horror|Thriller,Belarus
994,Bound,2012,Crime|Drama|Romance|Thriller,Venezuela
995,In Enemy Hands,1990,War,China
996,Cat People,2011,Drama|Horror|Romance|Thriller,North Korea
997,Insurgent,2005,Action|Romance|Sci-Fi,Colombia
998,Au revoir les enfants,2000,Drama,Thailand
999,The End,2003,Drama|Sci-Fi|Thriller,Sweden
1000,"Rebound, The",2010,Comedy|Romance,Syria
